<?xml version="1.0" encoding="UTF-8" standalone="yes"?>
<!--

    Copyright (C) 2010 http://flowas.net/

    Licensed under the Apache License, Version 2.0 (the "License");
    you may not use this file except in compliance with the License.
    You may obtain a copy of the License at

            http://www.apache.org/licenses/LICENSE-2.0

    Unless required by applicable law or agreed to in writing, software
    distributed under the License is distributed on an "AS IS" BASIS,
    WITHOUT WARRANTIES OR CONDITIONS OF ANY KIND, either express or implied.
    See the License for the specific language governing permissions and
    limitations under the License.

    You can write to flowas@gmial.com for more customer requirement.

-->
<ns2:root xsi:schemaLocation="" xmlns:ns2="http://flowas.com/publicData" xmlns:xsi="http://www.w3.org/2001/XMLSchema-instance">
    <classList>
        <class>net.flowas.template.mock.persistence.User</class>
    </classList>
    <data xsi:type="user">
        <loginName>aha</loginName>
    </data>
</ns2:root>
